{"BERTScore": {"min": [[0.5, {"P": 0.9007, "R": 0.9495, "F1": 0.9244}], [1.0, {"P": 0.8868, "R": 0.9312, "F1": 0.9144}]], "max": [[0.5, {"P": 1.0, "R": 1.0, "F1": 1.0}], [1.0, {"P": 0.9987, "R": 0.9988, "F1": 0.9988}]], "mean": [[0.5, {"P": 0.9885078947368421, "R": 0.992182894736842, "F1": 0.9903197368421054}], [1.0, {"P": 0.9775697368421052, "R": 0.9852842105263159, "F1": 0.9813710526315789}]], "median": [[0.5, {"P": 1.0, "R": 1.0, "F1": 1.0}], [1.0, {"P": 0.9836, "R": 0.98675, "F1": 0.98535}]]}, "BERTScore_f": {"min": [[0.5, {"P": 0.9007, "R": 0.9495, "F1": 0.9244}], [1.0, {"P": 0.8868, "R": 0.9312, "F1": 0.9144}]], "max": [[0.5, {"P": 0.9946, "R": 0.9964, "F1": 0.9946}], [1.0, {"P": 0.9987, "R": 0.9988, "F1": 0.9988}]], "mean": [[0.5, {"P": 0.9757388888888889, "R": 0.9834972222222222, "F1": 0.979563888888889}], [1.0, {"P": 0.9775697368421052, "R": 0.9852842105263159, "F1": 0.9813710526315789}]], "median": [[0.5, {"P": 0.98215, "R": 0.9851, "F1": 0.9829}], [1.0, {"P": 0.9836, "R": 0.98675, "F1": 0.98535}]]}, "BLEURT": {"min": [[0.5, {"BLEURT": 0.2279856950044632}], [1.0, {"BLEURT": 0.3093060851097107}]], "max": [[0.5, {"BLEURT": 0.9379301071166992}], [1.0, {"BLEURT": 0.9300558567047119}]], "mean": [[0.5, {"BLEURT": 0.8362261749019748}], [1.0, {"BLEURT": 0.7955221086740494}]], "median": [[0.5, {"BLEURT": 0.8645315170288086}], [1.0, {"BLEURT": 0.8445599973201752}]]}, "BLEURT_f": {"min": [[0.5, {"BLEURT": 0.2279856950044632}], [1.0, {"BLEURT": 0.3093060851097107}]], "max": [[0.5, {"BLEURT": 0.9379301071166992}], [1.0, {"BLEURT": 0.9300558567047119}]], "mean": [[0.5, {"BLEURT": 0.7857732578284211}], [1.0, {"BLEURT": 0.7955221086740494}]], "median": [[0.5, {"BLEURT": 0.8645315170288086}], [1.0, {"BLEURT": 0.8445599973201752}]]}, "ME": {"min": [[0.5, {"Petersen": 0.9910714285714286, "Schnabel": 0.9910714285714286, "CAPTURE": 0.975}], [1.0, {"Petersen": 0.9910714285714286, "Schnabel": 0.9989177489177489, "CAPTURE": 0.975}]], "max": [[0.5, {"Petersen": 1.0, "Schnabel": 1.0, "CAPTURE": 0.9821428571428571}], [1.0, {"Petersen": 1.0, "Schnabel": 1.0, "CAPTURE": 0.9821428571428571}]], "mean": [[0.5, {"Petersen": 0.9955357142857143, "Schnabel": 0.9955357142857143, "CAPTURE": 0.9785714285714285}], [1.0, {"Petersen": 0.9955357142857143, "Schnabel": 0.9994588744588744, "CAPTURE": 0.9785714285714285}]], "median": [[0.5, {"Petersen": 0.9955357142857143, "Schnabel": 0.9955357142857143, "CAPTURE": 0.9785714285714285}], [1.0, {"Petersen": 0.9955357142857143, "Schnabel": 0.9994588744588744, "CAPTURE": 0.9785714285714285}]]}}