{"negated": {"ME": {"min": [[0.5, {"Peterson": 0.9444444444444444, "Schnabel": 0.9444444444444444, "CAPTURE": 0.9722222222222222}], [1.0, {"Peterson": 0.9659498207885305, "Schnabel": 0.9683544303797468, "CAPTURE": 0.9787234042553191}]], "max": [[0.5, {"Peterson": 1.0, "Schnabel": 1.0, "CAPTURE": 0.9787234042553191}], [1.0, {"Peterson": 0.9974968710888611, "Schnabel": 0.9911197747455057, "CAPTURE": 0.9907407407407407}]], "mean": [[0.5, {"Peterson": 0.9722222222222222, "Schnabel": 0.9722222222222222, "CAPTURE": 0.9754728132387707}], [1.0, {"Peterson": 0.9817233459386958, "Schnabel": 0.9797371025626262, "CAPTURE": 0.98473207249803}]], "median": [[0.5, {"Peterson": 0.9722222222222222, "Schnabel": 0.9722222222222222, "CAPTURE": 0.9754728132387707}], [1.0, {"Peterson": 0.9817233459386958, "Schnabel": 0.9797371025626262, "CAPTURE": 0.98473207249803}]]}}, "type": "word_swap_every_sentence", "pos_drop_adj": {"ME": {"min": [[0.5, {"Peterson": 0.9444444444444444, "Schnabel": 0.9444444444444444, "CAPTURE": 0.9722222222222222}], [1.0, {"Peterson": 0.9444444444444444, "Schnabel": 0.9444444444444444, "CAPTURE": 0.9722222222222222}]], "max": [[0.5, {"Peterson": 1.0, "Schnabel": 1.0, "CAPTURE": 0.9787234042553191}], [1.0, {"Peterson": 1.0, "Schnabel": 1.0, "CAPTURE": 0.9787234042553191}]], "mean": [[0.5, {"Peterson": 0.9722222222222222, "Schnabel": 0.9722222222222222, "CAPTURE": 0.9754728132387707}], [1.0, {"Peterson": 0.9722222222222222, "Schnabel": 0.9722222222222222, "CAPTURE": 0.9754728132387707}]], "median": [[0.5, {"Peterson": 0.9722222222222222, "Schnabel": 0.9722222222222222, "CAPTURE": 0.9754728132387707}], [1.0, {"Peterson": 0.9722222222222222, "Schnabel": 0.9722222222222222, "CAPTURE": 0.9754728132387707}]]}}, "pos_drop_det": {"ME": {"min": [[0.5, {"Peterson": 0.9444444444444444, "Schnabel": 0.9444444444444444, "CAPTURE": 0.9722222222222222}], [1.0, {"Peterson": 0.9537037037037037, "Schnabel": 0.9537037037037037, "CAPTURE": 0.9787234042553191}]], "max": [[0.5, {"Peterson": 1.0, "Schnabel": 1.0, "CAPTURE": 0.9787234042553191}], [1.0, {"Peterson": 1.0, "Schnabel": 1.0, "CAPTURE": 0.9814814814814815}]], "mean": [[0.5, {"Peterson": 0.9722222222222222, "Schnabel": 0.9722222222222222, "CAPTURE": 0.9754728132387707}], [1.0, {"Peterson": 0.9768518518518519, "Schnabel": 0.9768518518518519, "CAPTURE": 0.9801024428684003}]], "median": [[0.5, {"Peterson": 0.9722222222222222, "Schnabel": 0.9722222222222222, "CAPTURE": 0.9754728132387707}], [1.0, {"Peterson": 0.9768518518518519, "Schnabel": 0.9768518518518519, "CAPTURE": 0.9801024428684003}]]}}, "repetitions": {"ME": {"min": [[0.5, {"Peterson": 0.9444444444444444, "Schnabel": 0.9444444444444444, "CAPTURE": 0.9722222222222222}], [1.0, {"Peterson": 0.962962962962963, "Schnabel": 0.962962962962963, "CAPTURE": 0.9787234042553191}]], "max": [[0.5, {"Peterson": 1.0, "Schnabel": 1.0, "CAPTURE": 0.9787234042553191}], [1.0, {"Peterson": 1.0, "Schnabel": 1.0, "CAPTURE": 0.9814814814814815}]], "mean": [[0.5, {"Peterson": 0.9722222222222222, "Schnabel": 0.9722222222222222, "CAPTURE": 0.9754728132387707}], [1.0, {"Peterson": 0.9814814814814815, "Schnabel": 0.9814814814814815, "CAPTURE": 0.9801024428684003}]], "median": [[0.5, {"Peterson": 0.9722222222222222, "Schnabel": 0.9722222222222222, "CAPTURE": 0.9754728132387707}], [1.0, {"Peterson": 0.9814814814814815, "Schnabel": 0.9814814814814815, "CAPTURE": 0.9801024428684003}]]}}, "word_drop": {"ME": {"min": [[0.5, {"Peterson": 0.9444444444444444, "Schnabel": 0.9444444444444444, "CAPTURE": 0.9722222222222222}], [1.0, {"Peterson": 0.9637426900584795, "Schnabel": 0.968694885361552, "CAPTURE": 0.9787234042553191}]], "max": [[0.5, {"Peterson": 1.0, "Schnabel": 1.0, "CAPTURE": 0.9787234042553191}], [1.0, {"Peterson": 0.9995271867612292, "Schnabel": 0.9876543209876544, "CAPTURE": 0.9907407407407407}]], "mean": [[0.5, {"Peterson": 0.9722222222222222, "Schnabel": 0.9722222222222222, "CAPTURE": 0.9754728132387707}], [1.0, {"Peterson": 0.9816349384098544, "Schnabel": 0.9781746031746033, "CAPTURE": 0.98473207249803}]], "median": [[0.5, {"Peterson": 0.9722222222222222, "Schnabel": 0.9722222222222222, "CAPTURE": 0.9754728132387707}], [1.0, {"Peterson": 0.9816349384098544, "Schnabel": 0.9781746031746033, "CAPTURE": 0.98473207249803}]]}}, "word_drop_every_sentence": {"ME": {"min": [[0.5, {"Peterson": 0.9444444444444444, "Schnabel": 0.9444444444444444, "CAPTURE": 0.9722222222222222}], [1.0, {"Peterson": 0.9722222222222222, "Schnabel": 0.9722222222222222, "CAPTURE": 0.9787234042553191}]], "max": [[0.5, {"Peterson": 1.0, "Schnabel": 1.0, "CAPTURE": 0.9787234042553191}], [1.0, {"Peterson": 1.0, "Schnabel": 1.0, "CAPTURE": 0.9907407407407407}]], "mean": [[0.5, {"Peterson": 0.9722222222222222, "Schnabel": 0.9722222222222222, "CAPTURE": 0.9754728132387707}], [1.0, {"Peterson": 0.9861111111111112, "Schnabel": 0.9861111111111112, "CAPTURE": 0.98473207249803}]], "median": [[0.5, {"Peterson": 0.9722222222222222, "Schnabel": 0.9722222222222222, "CAPTURE": 0.9754728132387707}], [1.0, {"Peterson": 0.9861111111111112, "Schnabel": 0.9861111111111112, "CAPTURE": 0.98473207249803}]]}}, "word_swap": {"ME": {"min": [[0.5, {"Peterson": 0.9444444444444444, "Schnabel": 0.9444444444444444, "CAPTURE": 0.9722222222222222}], [1.0, {"Peterson": 0.9589646464646464, "Schnabel": 0.9591836734693878, "CAPTURE": 0.9680851063829787}]], "max": [[0.5, {"Peterson": 1.0, "Schnabel": 1.0, "CAPTURE": 0.9787234042553191}], [1.0, {"Peterson": 0.9953295277633628, "Schnabel": 0.9850755360623781, "CAPTURE": 0.9907407407407407}]], "mean": [[0.5, {"Peterson": 0.9722222222222222, "Schnabel": 0.9722222222222222, "CAPTURE": 0.9754728132387707}], [1.0, {"Peterson": 0.9771470871140047, "Schnabel": 0.972129604765883, "CAPTURE": 0.9794129235618597}]], "median": [[0.5, {"Peterson": 0.9722222222222222, "Schnabel": 0.9722222222222222, "CAPTURE": 0.9754728132387707}], [1.0, {"Peterson": 0.9771470871140047, "Schnabel": 0.972129604765883, "CAPTURE": 0.9794129235618597}]]}}, "word_swap_every_sentence": {"ME": {"min": [[0.5, {"Peterson": 0.9444444444444444, "Schnabel": 0.9444444444444444, "CAPTURE": 0.9722222222222222}], [1.0, {"Peterson": 0.9726898615787505, "Schnabel": 0.9779077322936972, "CAPTURE": 0.9680851063829787}]], "max": [[0.5, {"Peterson": 1.0, "Schnabel": 1.0, "CAPTURE": 0.9787234042553191}], [1.0, {"Peterson": 0.9997661912555529, "Schnabel": 0.9937106918238995, "CAPTURE": 0.9907407407407407}]], "mean": [[0.5, {"Peterson": 0.9722222222222222, "Schnabel": 0.9722222222222222, "CAPTURE": 0.9754728132387707}], [1.0, {"Peterson": 0.9862280264171517, "Schnabel": 0.9858092120587983, "CAPTURE": 0.9794129235618597}]], "median": [[0.5, {"Peterson": 0.9722222222222222, "Schnabel": 0.9722222222222222, "CAPTURE": 0.9754728132387707}], [1.0, {"Peterson": 0.9862280264171517, "Schnabel": 0.9858092120587983, "CAPTURE": 0.9794129235618597}]]}}}